,Speed limit factor for road 0,Speed limit factor for road 1,Speed limit factor for road 2,Speed limit factor for road 3,Speed limit factor for road 4,Cars Spawning in Region 0,Cars Spawning in Region 1,Cars Spawning in Region 2,Cars Spawning in Region 3,Cars Spawning in Region 4,Density in Region 0,Density in Region 1,Density in Region 2,Density in Region 3,Density in Region 4
0,1.4622042481427422,1.4285119502697472,1.3535872578526753,1.4430326541730798,1.5,6.0,5.0,0.0,0.0,3.0,0.0,0.1346982758620689,0.0,0.0,0.0
1,1.4622042481427422,1.4285119502697472,1.3535872578526753,1.4430326541730798,1.5,6.0,5.0,0.0,0.0,3.0,0.8447433511758444,0.5387931034482759,0.0,0.0,0.3367456896551724
2,1.4622042481427422,1.4285119502697472,1.3535872578526753,1.4430326541730798,1.5,6.0,5.0,0.0,0.0,3.0,0.7089382940108893,1.212284482758621,0.5641593343901,0.277592715967133,0.2244971264367816
3,1.4622042481427422,1.4285119502697472,1.3535872578526753,1.4430326541730798,1.5,6.0,5.0,0.0,0.0,3.0,0.7089382940108893,2.017632402153354,0.8477346519944559,0.277592715967133,0.561242816091954
4,1.4622042481427422,1.4285119502697472,1.3535872578526753,1.4430326541730798,1.5,6.0,5.0,0.0,0.0,3.0,0.8507259528130673,2.41888549396188,0.8477346519944559,0.277592715967133,0.6734913793103449
5,1.371111797773828,1.5,1.4144395376924468,1.5,1.492921424114762,2.0,0.0,2.0,0.0,0.0,0.4253629764065336,2.289870689655173,0.7089382940108893,0.2835753176043557,1.0102370689655171
6,1.371111797773828,1.5,1.4144395376924468,1.5,1.492921424114762,2.0,0.0,2.0,0.0,0.0,0.9865310099780225,2.289870689655173,0.8507259528130673,0.4253629764065336,1.0102370689655176
7,1.371111797773828,1.5,1.4144395376924468,1.5,1.492921424114762,2.0,0.0,2.0,0.0,0.0,1.8432395644283124,2.155172413793104,1.1313099695988118,0.7059469931922779,1.3469827586206895
8,1.371111797773828,1.5,1.4144395376924468,1.5,1.492921424114762,2.0,0.0,2.0,0.0,0.0,2.126814882032668,1.2122844827586208,1.553681645186734,0.5641593343901,2.020474137931035
9,1.371111797773828,1.5,1.4144395376924468,1.5,1.492921424114762,2.0,0.0,2.0,0.0,0.0,3.4029038112522696,1.2122844827586208,1.553681645186734,0.4223716755879222,2.357219827586208
10,1.5,1.5,1.4951521037712363,1.5,1.4942459904065588,4.0,0.0,5.0,0.0,0.0,3.828266787658804,1.6135375745671472,0.5641593343901001,0.5671506352087115,2.469468390804598
11,1.5,1.5,1.4951521037712363,1.5,1.4942459904065588,4.0,0.0,5.0,0.0,0.0,3.544691470054448,2.0204741379310347,1.411893986384556,0.7089382940108893,2.8062140804597706
12,1.5,1.5,1.4951521037712363,1.5,1.4942459904065588,4.0,0.0,5.0,0.0,0.0,3.970054446460981,1.748235850429216,1.2730976284009896,1.134301270417423,3.3674568965517246
13,1.5,1.5,1.4951521037712363,1.5,1.4942459904065588,4.0,0.0,5.0,0.0,0.0,4.392426122048903,2.287028953877492,1.4148852872031676,1.276088929219601,3.701834473058831
14,1.5,1.5,1.4951521037712363,1.5,1.4942459904065588,4.0,0.0,5.0,0.0,0.0,3.964071844823758,2.55642550560163,2.2686025408348462,1.559664246823957,4.0314758232698
15,1.392886223756118,1.5,1.5,1.5,1.4437887737495634,2.0,0.0,1.0,1.0,2.0,5.101364416059792,3.095218609049906,1.559664246823957,1.9850272232304904,3.699466359910762
16,1.392886223756118,1.5,1.5,1.5,1.4437887737495634,2.0,0.0,1.0,1.0,2.0,4.3954174228675145,2.69396551724138,1.5596642468239568,1.9850272232304904,4.038580162714003
17,1.392886223756118,1.5,1.5,1.5,1.4437887737495634,2.0,0.0,1.0,1.0,2.0,5.104355716878405,1.4816810344827591,1.4178765880217787,1.8402482636097013,4.712071542024348
18,1.392886223756118,1.5,1.5,1.5,1.4437887737495634,2.0,0.0,1.0,1.0,2.0,5.246143375680582,1.616379310344828,1.4178765880217787,1.7014519056261346,4.485206302439498
19,1.392886223756118,1.5,1.5,1.5,1.4437887737495634,2.0,0.0,1.0,1.0,2.0,4.250638463246726,1.3469827586206895,0.992513611615245,1.5566729460053452,4.602191091954023
20,1.5,1.3397286672150222,1.3654457470373949,1.5,1.5,0.0,0.0,6.0,1.0,0.0,3.2551335508128685,1.8829341262912849,1.1313099695988118,1.8402482636097008,6.173670977011494
21,1.5,1.3397286672150222,1.3654457470373949,1.5,1.5,0.0,0.0,6.0,1.0,0.0,3.261116152450092,1.4788392987050782,1.6924780031703004,1.2730976284009894,6.622665229885057
22,1.5,1.3397286672150222,1.3654457470373949,1.5,1.5,0.0,0.0,6.0,1.0,0.0,3.5446914700544467,1.7425523788738544,1.4148852872031676,1.1313099695988116,6.1736709770114935
23,1.5,1.3397286672150222,1.3654457470373949,1.5,1.5,0.0,0.0,6.0,1.0,0.0,2.977540834845736,1.4816810344827591,1.2730976284009896,1.1343012704174231,5.949173850574712
24,1.5,1.3397286672150222,1.3654457470373949,1.5,1.5,0.0,0.0,6.0,1.0,0.0,1.6954693039889122,1.6135375745671472,0.7089382940108893,1.5596642468239563,6.173670977011494
25,1.5,1.3956898844408283,1.5,1.5,1.4097319979620813,6.0,6.0,2.0,1.0,2.0,0.8507259528130673,0.940046195256802,0.9925136116152452,1.1313099695988116,6.061422413793102
26,1.5,1.3956898844408283,1.5,1.5,1.4097319979620813,6.0,6.0,2.0,1.0,2.0,1.9850272232304904,1.880092390513604,1.8432395644283124,1.1313099695988118,6.1736709770114935
27,1.5,1.3956898844408283,1.5,1.5,1.4097319979620813,6.0,6.0,2.0,1.0,2.0,3.1163371928293024,2.685440309908337,2.4073988988184127,1.1343012704174231,5.610060047771473
28,1.5,1.3956898844408283,1.5,1.5,1.4097319979620813,6.0,6.0,2.0,1.0,2.0,2.5521778584392023,3.6340117124981823,2.2656112400162347,1.1343012704174231,5.046449118531453
29,1.5,1.3956898844408283,1.5,1.5,1.4097319979620813,6.0,6.0,2.0,1.0,2.0,3.119328493647913,4.5768996435326645,1.8402482636097008,0.9925136116152452,4.485206302439498
30,1.5,1.4665646841660889,1.5,1.5,1.5,0.0,3.0,1.0,7.0,4.0,3.6864791288566257,5.115692746980942,1.6954693039889115,0.5671506352087115,4.599822978805957
31,1.5,1.4665646841660889,1.5,1.5,1.5,0.0,3.0,1.0,7.0,4.0,3.9670631456423697,4.714439655172415,1.6954693039889115,1.6864954015330778,4.485206302439498
32,1.5,1.4665646841660889,1.5,1.5,1.5,0.0,3.0,1.0,7.0,4.0,3.541700169235836,5.38793103448276,1.1343012704174231,2.4073988988184127,4.712071542024347
33,1.5,1.4665646841660889,1.5,1.5,1.5,0.0,3.0,1.0,7.0,4.0,2.6939655172413794,6.327977229739562,1.1313099695988118,2.126814882032668,4.487574415587566
34,1.5,1.4665646841660889,1.5,1.5,1.5,0.0,3.0,1.0,7.0,4.0,2.5491865576205903,6.594532045686019,1.8372569627910893,1.417876588021779,4.153196839080461
35,1.3499656634629529,1.3324669898389714,1.5,1.5,1.3881281790396671,1.0,0.0,1.0,1.0,0.0,2.6879829156041573,5.241865815509968,1.9850272232304904,1.553681645186734,6.732545679955382
36,1.3499656634629529,1.3324669898389714,1.5,1.5,1.3881281790396671,1.0,0.0,1.0,1.0,0.0,3.11035459119208,4.837770987923761,2.4103901996370247,1.8372569627910893,6.398168103448274
37,1.3499656634629529,1.3324669898389714,1.5,1.5,1.3881281790396671,1.0,0.0,1.0,1.0,0.0,1.982035922411879,4.307503091808528,2.1268148820326687,1.7014519056261346,5.612428160919541
38,1.3499656634629529,1.3324669898389714,1.5,1.5,1.3881281790396671,1.0,0.0,1.0,1.0,0.0,2.4073988988184127,4.708756183617053,2.2686025408348467,2.2686025408348462,5.500179597701149
39,1.3499656634629529,1.3324669898389714,1.5,1.5,1.3881281790396671,1.0,0.0,1.0,1.0,0.0,2.4014162971811897,3.4993134366361134,1.9850272232304904,2.4103901996370243,6.622665229885059
40,1.435325500173935,1.4449201747340696,1.423232845054362,1.4513100138912185,1.410566154298716,0.0,0.0,3.0,1.0,0.0,1.6954693039889115,2.55642550560163,1.5596642468239568,2.69396551724138,7.066923256462484
41,1.435325500173935,1.4449201747340696,1.423232845054362,1.4513100138912185,1.410566154298716,0.0,0.0,3.0,1.0,0.0,0.9925136116152452,2.155172413793104,1.5566729460053452,2.4103901996370243,6.957042806392163
42,1.435325500173935,1.4449201747340696,1.423232845054362,1.4513100138912185,1.410566154298716,0.0,0.0,3.0,1.0,0.0,0.9925136116152452,2.6911237814636992,1.7014519056261348,2.2686025408348462,6.844794243173772
43,1.435325500173935,1.4449201747340696,1.423232845054362,1.4513100138912185,1.410566154298716,0.0,0.0,3.0,1.0,0.0,0.9925136116152452,2.289870689655173,0.9925136116152452,1.276088929219601,5.829820947912118
44,1.435325500173935,1.4449201747340696,1.423232845054362,1.4513100138912185,1.410566154298716,0.0,0.0,3.0,1.0,0.0,1.2730976284009896,0.8081896551724139,1.5596642468239563,1.5596642468239563,6.056686187496969
45,1.2962075197467973,1.4400828313769245,1.4625855119230116,1.5,1.5,0.0,4.0,4.0,2.0,1.0,2.5461952568019792,0.8081896551724139,1.4178765880217787,2.1238235812140567,4.592718639361754
46,1.2962075197467973,1.4400828313769245,1.4625855119230116,1.5,1.5,0.0,4.0,4.0,2.0,1.0,1.417876588021779,1.3384575512876475,1.417876588021779,2.1178409795768345,3.923963486347544
47,1.2962075197467973,1.4400828313769245,1.4625855119230116,1.5,1.5,0.0,4.0,4.0,2.0,1.0,1.6984606048075233,2.155172413793104,2.259628638379012,1.7014519056261346,3.923963486347544
48,1.2962075197467973,1.4400828313769245,1.4625855119230116,1.5,1.5,0.0,4.0,4.0,2.0,1.0,1.7014519056261346,2.9576785974101565,2.4073988988184127,0.8507259528130673,3.365088783403658
49,1.2962075197467973,1.4400828313769245,1.4625855119230116,1.5,1.5,0.0,4.0,4.0,2.0,1.0,2.126814882032668,2.5507420340462685,2.9715582332085133,0.9925136116152452,2.6939655172413803
50,1.5,1.4811462122002843,1.4943304247499989,1.453228517512531,1.5,0.0,0.0,7.0,1.0,2.0,1.417876588021779,3.095218609049906,3.119328493647914,0.7089382940108893,2.6939655172413794
51,1.5,1.4811462122002843,1.4943304247499989,1.453228517512531,1.5,0.0,0.0,7.0,1.0,2.0,1.2760889292196012,3.098060344827587,3.9670631456423697,0.5671506352087115,2.35485171443814
52,1.5,1.4811462122002843,1.4943304247499989,1.453228517512531,1.5,0.0,0.0,7.0,1.0,2.0,0.8507259528130673,2.69396551724138,4.389434821230292,0.9925136116152452,2.244971264367817
53,1.5,1.4811462122002843,1.4943304247499989,1.453228517512531,1.5,0.0,0.0,7.0,1.0,2.0,0.9925136116152452,1.7510775862068968,5.946107767235637,1.2730976284009896,3.142959770114943
54,1.5,1.4811462122002843,1.4943304247499989,1.453228517512531,1.5,0.0,0.0,7.0,1.0,2.0,1.8372569627910893,1.7482358504292157,6.7968337200487055,1.4178765880217787,3.0283430937484845
55,1.5,1.5,1.3971837057884968,1.5,1.5,0.0,0.0,1.0,0.0,2.0,1.1343012704174231,1.6106958387894663,5.529718693284937,1.4178765880217787,3.814083036277221
56,1.5,1.5,1.3971837057884968,1.5,1.5,0.0,0.0,1.0,0.0,2.0,1.2730976284009896,1.7510775862068968,3.970054446460981,1.8432395644283124,4.9365686684611285
57,1.5,1.5,1.3971837057884968,1.5,1.5,0.0,0.0,1.0,0.0,2.0,1.2730976284009896,1.077586206896552,3.6864791288566248,1.5596642468239563,6.947570353799893
58,1.5,1.5,1.3971837057884968,1.5,1.5,0.0,0.0,1.0,0.0,2.0,1.4148852872031672,0.9428879310344828,4.253629764065336,1.134301270417423,6.949938466947962
59,1.5,1.5,1.3971837057884968,1.5,1.5,0.0,0.0,1.0,0.0,2.0,1.134301270417423,1.0747444711188712,3.402903811252269,1.5596642468239568,6.613192777292788
60,1.4788862152225946,1.3490370899927568,1.5,1.3418015322319163,1.5,0.0,4.0,1.0,1.0,0.0,0.7089382940108893,1.6135375745671472,2.69396551724138,1.8432395644283124,6.949938466947959
61,1.4788862152225946,1.3490370899927568,1.5,1.3418015322319163,1.5,0.0,4.0,1.0,1.0,0.0,0.705946993192278,1.610695838789466,1.9850272232304904,1.4148852872031674,6.73254567995538
62,1.4788862152225946,1.3490370899927568,1.5,1.3418015322319163,1.5,0.0,4.0,1.0,1.0,0.0,1.2671150267637667,1.481681034482759,2.4103901996370243,0.8507259528130673,6.171302863863428
63,1.4788862152225946,1.3490370899927568,1.5,1.3418015322319163,1.5,0.0,4.0,1.0,1.0,0.0,2.543203955983368,1.481681034482759,2.552177858439202,0.7089382940108893,5.161065794897911
64,1.4788862152225946,1.3490370899927568,1.5,1.3418015322319163,1.5,0.0,4.0,1.0,1.0,0.0,3.1163371928293024,1.34698275862069,0.8507259528130673,0.7089382940108893,5.275682471264369
65,1.5,1.5,1.3583918921970708,1.5,1.4574529227727946,0.0,2.0,0.0,4.0,0.0,3.119328493647914,1.6163793103448278,2.6909742164227684,1.6984606048075233,4.040948275862069
66,1.5,1.5,1.3583918921970708,1.5,1.4574529227727946,0.0,2.0,0.0,4.0,0.0,2.5461952568019792,1.34698275862069,2.4073988988184127,2.5461952568019792,3.142959770114943
67,1.5,1.5,1.3583918921970708,1.5,1.4574529227727946,0.0,2.0,0.0,4.0,0.0,2.546195256801979,1.212284482758621,2.126814882032668,4.947611553983169,2.9160945305300943
68,1.5,1.5,1.3583918921970708,1.5,1.4574529227727946,0.0,2.0,0.0,4.0,0.0,2.4103901996370243,1.7510775862068968,3.535717567598613,5.237169473224748,2.916094530530094
69,1.5,1.5,1.3583918921970708,1.5,1.4574529227727946,0.0,2.0,0.0,4.0,0.0,1.8432395644283128,2.553583769823949,2.835753176043558,6.510267101625737,4.1484606127843255
70,1.5,1.5,1.5,1.3513319285017578,1.5,0.0,0.0,1.0,11.0,0.0,1.8432395644283128,1.7510775862068968,1.9790446215932675,6.941612679669492,4.375325852369175
71,1.5,1.5,1.5,1.3513319285017578,1.5,0.0,0.0,1.0,11.0,0.0,1.6984606048075233,1.6163793103448278,2.829770574406335,7.502780713240982,4.938936781609196
72,1.5,1.5,1.5,1.3513319285017578,1.5,0.0,0.0,1.0,11.0,0.0,1.976053320774656,1.6135375745671467,2.9745495340271244,6.232674385658605,5.949173850574714
73,1.5,1.5,1.5,1.3513319285017578,1.5,0.0,0.0,1.0,11.0,0.0,0.9925136116152452,2.155172413793104,2.126814882032668,5.104355716878404,6.398168103448275
74,1.5,1.5,1.5,1.3513319285017578,1.5,0.0,0.0,1.0,11.0,0.0,1.8402482636097013,2.424568965517242,2.126814882032668,6.805807622504538,6.50568044037053
75,1.4571809122231625,1.5,1.5,1.456459329562022,1.5,0.0,0.0,1.0,6.0,3.0,1.8402482636097013,2.2870289538774924,2.5521778584392023,6.658037362065137,6.73254567995538
76,1.4571809122231625,1.5,1.5,1.456459329562022,1.5,0.0,0.0,1.0,6.0,3.0,1.5566729460053452,1.748235850429216,2.5491865576205903,5.95209036887286,7.291420382899266
77,1.4571809122231625,1.5,1.5,1.456459329562022,1.5,0.0,0.0,1.0,6.0,3.0,1.559664246823957,1.7510775862068968,2.2686025408348462,4.817789098455437,7.181539932828944
78,1.4571809122231625,1.5,1.5,1.456459329562022,1.5,0.0,0.0,1.0,6.0,3.0,2.1238235812140567,1.7510775862068968,2.123823581214057,4.392426122048903,7.515917509336049
79,1.4571809122231625,1.5,1.5,1.456459329562022,1.5,0.0,0.0,1.0,6.0,3.0,1.7014519056261348,1.748235850429216,1.8402482636097013,3.6864791288566248,8.077160325428
80,1.3840668384962065,1.3684683673362374,1.5,1.3110287330044408,1.3630572524399147,1.0,4.0,0.0,3.0,3.0,1.9850272232304904,2.0119489305979923,2.546195256801979,2.9775408348457355,8.638403141519955
81,1.3840668384962065,1.3684683673362374,1.5,1.3110287330044408,1.3630572524399147,1.0,4.0,0.0,3.0,3.0,2.4014162971811897,2.41888549396188,2.6849916147855457,2.4103901996370243,9.194909731315777
82,1.3840668384962065,1.3684683673362374,1.5,1.3110287330044408,1.3630572524399147,1.0,4.0,0.0,3.0,3.0,1.2760889292196012,2.825822057325768,1.7014519056261346,1.8432395644283124,8.187040775498325
83,1.3840668384962065,1.3684683673362374,1.5,1.3110287330044408,1.3630572524399147,1.0,4.0,0.0,3.0,3.0,1.6984606048075228,2.8286637931034493,2.2686025408348462,1.9850272232304904,8.860532154808672
84,1.3840668384962065,1.3684683673362374,1.5,1.3110287330044408,1.3630572524399147,1.0,4.0,0.0,3.0,3.0,1.8432395644283124,2.1523306780154234,2.4103901996370243,1.276088929219601,8.975148831175128
85,1.1980328862935188,1.3298792800158414,1.3783430653298965,1.3703666224960778,1.4099349303766937,0.0,0.0,2.0,3.0,2.0,1.7014519056261346,1.481681034482759,2.5521778584392023,0.5641593343901,9.648640210485471
86,1.1980328862935188,1.3298792800158414,1.3783430653298965,1.3703666224960778,1.4099349303766937,0.0,0.0,2.0,3.0,2.0,1.4148852872031672,1.34698275862069,2.126814882032668,0.9925136116152452,9.541127873563218
87,1.1980328862935188,1.3298792800158414,1.3783430653298965,1.3703666224960778,1.4099349303766937,0.0,0.0,2.0,3.0,2.0,1.6984606048075233,1.3469827586206895,2.126814882032668,1.4178765880217783,9.428879310344827
88,1.1980328862935188,1.3298792800158414,1.3783430653298965,1.3703666224960778,1.4099349303766937,0.0,0.0,2.0,3.0,2.0,0.9925136116152452,1.074744471118871,1.6984606048075233,1.7014519056261346,9.199645957611908
89,1.1980328862935188,1.3298792800158414,1.3783430653298965,1.3703666224960778,1.4099349303766937,0.0,0.0,2.0,3.0,2.0,1.1343012704174231,1.0719027353411903,2.8327618752249464,1.276088929219601,9.419406857752556
90,1.1443802437096382,1.3070540330825964,1.251844848392503,1.4038888816423276,1.187629258345633,0.0,0.0,0.0,0.0,9.0,1.417876588021779,1.3412992870653284,2.835753176043557,1.276088929219601,9.522182968378678
91,1.1443802437096382,1.3070540330825964,1.251844848392503,1.4038888816423276,1.187629258345633,0.0,0.0,0.0,0.0,9.0,0.7089382940108893,1.34698275862069,1.2760889292196012,1.559664246823957,9.753784434259662
92,1.1443802437096382,1.3070540330825964,1.251844848392503,1.4038888816423276,1.187629258345633,0.0,0.0,0.0,0.0,9.0,0.7089382940108893,1.6163793103448278,1.2730976284009896,1.8432395644283124,10.312659137203546
93,1.1443802437096382,1.3070540330825964,1.251844848392503,1.4038888816423276,1.187629258345633,0.0,0.0,0.0,0.0,9.0,0.7089382940108893,0.8025061836170522,1.1343012704174231,1.2730976284009894,10.997991082254227
94,1.1443802437096382,1.3070540330825964,1.251844848392503,1.4038888816423276,1.187629258345633,0.0,0.0,0.0,0.0,9.0,0.4253629764065336,0.5387931034482759,0.9895223107966338,1.5566729460053452,10.661245392599056
95,1.1086928271506051,1.3044852832667253,1.0201464584192432,1.2708362401683664,1.0480695768299195,2.0,1.0,0.0,1.0,7.0,0.5671506352087115,1.20944274698094,0.4253629764065336,1.417876588021779,11.664378122120374
96,1.1086928271506051,1.3044852832667253,1.0201464584192432,1.2708362401683664,1.0480695768299195,2.0,1.0,0.0,1.0,7.0,1.2730976284009896,1.4788392987050782,0.2835753176043557,1.1343012704174231,11.330000545613268
97,1.1086928271506051,1.3044852832667253,1.0201464584192432,1.2708362401683664,1.0480695768299195,2.0,1.0,0.0,1.0,7.0,1.276088929219601,1.20944274698094,0.1417876588021778,0.7089382940108893,10.212251139725494
98,1.1086928271506051,1.3044852832667253,1.0201464584192432,1.2708362401683664,1.0480695768299195,2.0,1.0,0.0,1.0,7.0,1.2760889292196012,1.0747444711188712,0.7089382940108893,0.9925136116152452,8.077160325428002
99,1.1086928271506051,1.3044852832667253,1.0201464584192432,1.2708362401683664,1.0480695768299195,2.0,1.0,0.0,1.0,7.0,1.1343012704174231,2.0119489305979927,0.5671506352087115,0.9925136116152452,6.8424261300257045
100,1.5,1.3770918097674043,1.5,1.5,1.5,0.0,0.0,0.0,5.0,0.0,0.8477346519944559,1.8857758620689653,0.2835753176043557,1.5566729460053452,5.832189061060187
101,1.5,1.3770918097674043,1.5,1.5,1.5,0.0,0.0,0.0,5.0,0.0,0.992513611615245,1.8857758620689653,0.2835753176043557,2.6909742164227684,4.821951992094671
102,1.5,1.3770918097674043,1.5,1.5,1.5,0.0,0.0,0.0,5.0,0.0,1.5596642468239563,1.34698275862069,0.7089382940108893,1.982035922411879,5.163433908045978
103,1.5,1.3770918097674043,1.5,1.5,1.5,0.0,0.0,0.0,5.0,0.0,2.2686025408348462,1.212284482758621,1.5536816451867337,1.4178765880217787,4.487574415587566
104,1.5,1.3770918097674043,1.5,1.5,1.5,0.0,0.0,0.0,5.0,0.0,1.8432395644283124,0.940046195256802,0.8507259528130673,1.4178765880217787,5.161065794897911
105,1.4346812668756668,1.5,1.5,1.456040324739555,1.4021572497005326,0.0,0.0,0.0,2.0,4.0,1.8402482636097008,1.6135375745671472,0.5671506352087115,1.4178765880217783,4.9365686684611285
106,1.4346812668756668,1.5,1.5,1.456040324739555,1.4021572497005326,0.0,0.0,0.0,2.0,4.0,1.2760889292196012,1.0747444711188712,0.7089382940108893,1.134301270417423,5.7199404978417965
107,1.4346812668756668,1.5,1.5,1.456040324739555,1.4021572497005326,0.0,0.0,0.0,2.0,4.0,1.1343012704174231,0.940046195256802,0.8507259528130673,1.276088929219601,5.832189061060187
108,1.4346812668756668,1.5,1.5,1.456040324739555,1.4021572497005326,0.0,0.0,0.0,2.0,4.0,2.5491865576205903,1.20944274698094,1.5596642468239568,1.5596642468239568,4.599822978805957
109,1.4346812668756668,1.5,1.5,1.456040324739555,1.4021572497005326,0.0,0.0,0.0,2.0,4.0,2.4073988988184127,1.077586206896552,0.9925136116152452,1.2760889292196012,5.046449118531453
110,1.5,1.5,1.5,1.5,1.4332982557485088,0.0,2.0,1.0,0.0,1.0,2.262619939197624,1.344141022843009,1.5596642468239568,1.5596642468239568,5.270946244968234
111,1.5,1.5,1.5,1.5,1.4332982557485088,0.0,2.0,1.0,0.0,1.0,1.8432395644283124,2.146647206460061,1.5596642468239568,1.1343012704174231,5.051185344827587
112,1.5,1.5,1.5,1.5,1.4332982557485088,0.0,2.0,1.0,0.0,1.0,2.832761875224946,2.41888549396188,1.7014519056261348,0.5641593343901,4.265445402298852
113,1.5,1.5,1.5,1.5,1.4332982557485088,0.0,2.0,1.0,0.0,1.0,2.9745495340271244,3.4993134366361134,0.7089382940108893,0.8507259528130673,4.153196839080461
114,1.5,1.5,1.5,1.5,1.4332982557485088,0.0,2.0,1.0,0.0,1.0,2.5491865576205908,4.439359631892915,1.1343012704174231,0.9925136116152452,4.375325852369175
115,1.5,1.5,1.5,1.5,1.4964579473734083,3.0,0.0,0.0,0.0,1.0,3.11035459119208,3.229916884911975,1.5566729460053454,0.5671506352087115,4.707335315728213
116,1.5,1.5,1.5,1.5,1.4964579473734083,3.0,0.0,0.0,0.0,1.0,3.8252754868401913,3.098060344827587,1.2730976284009894,0.5671506352087115,3.5872177966923715
117,1.5,1.5,1.5,1.5,1.4964579473734083,3.0,0.0,0.0,0.0,1.0,4.53421378085108,4.035264804306708,1.2730976284009894,0.9925136116152452,3.360352557107522
118,1.5,1.5,1.5,1.5,1.4964579473734083,3.0,0.0,0.0,0.0,1.0,3.683487828038013,4.03810654008439,0.992513611615245,0.8507259528130673,3.4773373466220483
119,1.5,1.5,1.5,1.5,1.4964579473734083,3.0,0.0,0.0,0.0,1.0,3.119328493647914,5.382247562927399,1.411893986384556,0.8507259528130673,3.928699712643679
120,1.5,1.5,1.5,1.5,1.5,0.0,0.0,6.0,0.0,7.0,3.6864791288566248,4.164279608613415,1.6924780031703004,0.9895223107966338,5.500179597701151
121,1.5,1.5,1.5,1.5,1.5,0.0,0.0,6.0,0.0,7.0,3.828266787658803,2.954836861632475,2.537221354346145,0.8477346519944559,5.939701397982446
122,1.5,1.5,1.5,1.5,1.5,0.0,0.0,6.0,0.0,7.0,3.119328493647914,2.69396551724138,1.9850272232304904,1.4148852872031674,5.495443371405014
123,1.5,1.5,1.5,1.5,1.5,0.0,0.0,6.0,0.0,7.0,2.2656112400162347,3.3674568965517246,1.559664246823957,1.4178765880217787,6.954674693244095
124,1.5,1.5,1.5,1.5,1.5,0.0,0.0,6.0,0.0,7.0,1.1313099695988118,3.6340117124981823,1.2760889292196012,1.5596642468239568,7.623429846258303
125,1.3708500676970994,1.3488754539648276,1.2028214601011502,1.4312235326701117,1.3592874011601273,0.0,0.0,0.0,1.0,2.0,1.2760889292196012,1.8829341262912849,2.126814882032668,1.1313099695988118,9.19727784446384
126,1.3708500676970994,1.3488754539648276,1.2028214601011502,1.4312235326701117,1.3592874011601273,0.0,0.0,0.0,1.0,2.0,1.1313099695988118,1.8829341262912849,2.126814882032668,1.417876588021779,9.648640210485471
127,1.3708500676970994,1.3488754539648276,1.2028214601011502,1.4312235326701117,1.3592874011601273,0.0,0.0,0.0,1.0,2.0,0.5641593343901001,2.155172413793104,0.9925136116152452,1.276088929219601,8.867636494252872
128,1.3708500676970994,1.3488754539648276,1.2028214601011502,1.4312235326701117,1.3592874011601273,0.0,0.0,0.0,1.0,2.0,0.4253629764065336,2.017632402153354,1.8372569627910893,1.5596642468239568,8.30639367816092
129,1.3708500676970994,1.3488754539648276,1.2028214601011502,1.4312235326701117,1.3592874011601273,0.0,0.0,0.0,1.0,2.0,0.5671506352087115,1.2066010112032592,2.404407597999801,1.4178765880217787,8.753019817886413
130,1.4610974918856854,1.5,1.5,1.337680272448627,1.436660739598778,0.0,0.0,0.0,0.0,2.0,0.4253629764065336,1.745394114651535,2.120832280395446,1.5596642468239563,8.079528438576068
131,1.4610974918856854,1.5,1.5,1.337680272448627,1.436660739598778,0.0,0.0,0.0,0.0,2.0,0.7089382940108893,1.616379310344828,1.5596642468239568,1.4178765880217787,7.518285622484117
132,1.4610974918856854,1.5,1.5,1.337680272448627,1.436660739598778,0.0,0.0,0.0,0.0,2.0,0.5671506352087115,1.8857758620689653,1.2760889292196012,1.701451905626134,6.508048553518599
133,1.4610974918856854,1.5,1.5,1.337680272448627,1.436660739598778,0.0,0.0,0.0,0.0,2.0,0.9925136116152452,1.34698275862069,0.992513611615245,0.8507259528130673,5.836925287356319
134,1.4610974918856854,1.5,1.5,1.337680272448627,1.436660739598778,0.0,0.0,0.0,0.0,2.0,0.8507259528130673,0.8081896551724139,1.417876588021779,0.4253629764065336,6.1736709770114935
135,1.5,1.3368020824528104,1.442052211783872,1.3721552481932144,1.3959229955971268,8.0,0.0,0.0,4.0,0.0,0.8507259528130673,1.4788392987050782,1.2760889292196012,0.5641593343901,5.500179597701149
136,1.5,1.3368020824528104,1.442052211783872,1.3721552481932144,1.3959229955971268,8.0,0.0,0.0,4.0,0.0,1.6954693039889122,1.077586206896552,0.5671506352087115,0.9925136116152452,3.928699712643679
137,1.5,1.3368020824528104,1.442052211783872,1.3721552481932144,1.3959229955971268,8.0,0.0,0.0,4.0,0.0,2.6879829156041577,1.481681034482759,0.2835753176043557,1.2701063275823783,3.816451149425288
138,1.5,1.3368020824528104,1.442052211783872,1.3721552481932144,1.3959229955971268,8.0,0.0,0.0,4.0,0.0,2.8327618752249464,1.077586206896552,1.2730976284009896,1.5506903443681226,3.479705459770116
139,1.5,1.3368020824528104,1.442052211783872,1.3721552481932144,1.3959229955971268,8.0,0.0,0.0,4.0,0.0,3.2551335508128685,1.3441410228430093,1.8402482636097008,1.408902685565945,2.581716954022989
140,1.4667881355244308,1.4700588032936577,1.459112620616247,1.484794052247605,1.4794129518394123,4.0,0.0,1.0,0.0,0.0,3.25812485163148,1.212284482758621,2.5521778584392023,1.1313099695988118,2.8038459673117035
141,1.4667881355244308,1.4700588032936577,1.459112620616247,1.484794052247605,1.4794129518394123,4.0,0.0,1.0,0.0,0.0,3.970054446460981,1.077586206896552,2.2686025408348462,1.276088929219601,2.916094530530094
142,1.4667881355244308,1.4700588032936577,1.459112620616247,1.484794052247605,1.4794129518394123,4.0,0.0,1.0,0.0,0.0,3.119328493647913,1.34698275862069,2.8327618752249464,1.417876588021779,3.025974980600417
143,1.4667881355244308,1.4700588032936577,1.459112620616247,1.484794052247605,1.4794129518394123,4.0,0.0,1.0,0.0,0.0,3.8252754868401913,1.610695838789466,2.977540834845736,2.126814882032668,2.5746126145787867
144,1.4667881355244308,1.4700588032936577,1.459112620616247,1.484794052247605,1.4794129518394123,4.0,0.0,1.0,0.0,0.0,3.967063145642369,1.745394114651535,4.5372050816696925,2.69396551724138,2.462364051360396
145,1.423276951493927,1.5,1.4040053094049454,1.3899677265209804,1.5,2.0,1.0,0.0,6.0,0.0,3.541700169235835,1.6135375745671472,3.402903811252269,2.126814882032668,4.365853399776905
146,1.423276951493927,1.5,1.4040053094049454,1.3899677265209804,1.5,2.0,1.0,0.0,6.0,0.0,2.9745495340271244,2.020474137931035,2.5521778584392023,3.25812485163148,5.490707145108881
147,1.423276951493927,1.5,1.4040053094049454,1.3899677265209804,1.5,2.0,1.0,0.0,6.0,0.0,2.9745495340271244,1.7510775862068968,2.6939655172413794,2.6909742164227684,6.5080485535186
148,1.423276951493927,1.5,1.4040053094049454,1.3899677265209804,1.5,2.0,1.0,0.0,6.0,0.0,3.1163371928293024,1.8857758620689653,3.4029038112522696,2.6909742164227684,6.952306580096028
149,1.423276951493927,1.5,1.4040053094049454,1.3899677265209804,1.5,2.0,1.0,0.0,6.0,0.0,3.119328493647914,2.0204741379310347,2.69396551724138,3.677505226400792,7.181539932828943
150,1.286041198279749,1.3812437585800494,1.44053013564387,1.250334512238362,1.4980331237322904,1.0,0.0,0.0,0.0,0.0,2.262619939197623,2.6911237814636992,2.5491865576205908,3.5446914700544467,8.750651704738347
151,1.286041198279749,1.3812437585800494,1.44053013564387,1.250334512238362,1.4980331237322904,1.0,0.0,0.0,0.0,0.0,2.123823581214057,2.289870689655173,2.2686025408348462,2.9775408348457355,8.977516944323193
152,1.286041198279749,1.3812437585800494,1.44053013564387,1.250334512238362,1.4980331237322904,1.0,0.0,0.0,0.0,0.0,1.8402482636097013,1.8857758620689653,2.5521778584392023,2.123823581214057,9.98775401328871
153,1.286041198279749,1.3812437585800494,1.44053013564387,1.250334512238362,1.4980331237322904,1.0,0.0,0.0,0.0,0.0,2.5461952568019792,1.8857758620689653,2.5521778584392023,1.8432395644283124,9.987754013288711
154,1.286041198279749,1.3812437585800494,1.44053013564387,1.250334512238362,1.4980331237322904,1.0,0.0,0.0,0.0,0.0,1.417876588021779,2.155172413793104,1.982035922411879,1.6984606048075233,10.551364942528735
155,1.2539095691115871,1.1946895933436292,1.3261442195960258,1.090316558984184,1.1623532725577153,0.0,2.0,0.0,3.0,0.0,1.7014519056261346,2.69396551724138,1.8402482636097013,1.8432395644283124,10.324499702943886
156,1.2539095691115871,1.1946895933436292,1.3261442195960258,1.090316558984184,1.1623532725577153,0.0,2.0,0.0,3.0,0.0,1.2760889292196012,2.0204741379310347,1.553681645186734,1.4148852872031676,11.446985335127794
157,1.2539095691115871,1.1946895933436292,1.3261442195960258,1.090316558984184,1.1623532725577153,0.0,2.0,0.0,3.0,0.0,1.4148852872031674,1.8857758620689653,2.265611240016235,1.1343012704174231,11.110239645472625
158,1.2539095691115871,1.1946895933436292,1.3261442195960258,1.090316558984184,1.1623532725577153,0.0,2.0,0.0,3.0,0.0,1.1343012704174231,1.7510775862068968,1.8432395644283128,1.1313099695988118,10.324499702943886
159,1.2539095691115871,1.1946895933436292,1.3261442195960258,1.090316558984184,1.1623532725577153,0.0,2.0,0.0,3.0,0.0,0.4253629764065336,1.7510775862068968,1.9850272232304904,1.134301270417423,9.987754013288711
160,1.4076870488330553,1.3957811639216071,1.2760290675124009,1.2813957472826258,1.2049843605666537,9.0,2.0,2.0,6.0,0.0,0.5671506352087115,1.34698275862069,1.9850272232304904,0.7089382940108893,9.653376436781608
161,1.4076870488330553,1.3957811639216071,1.2760290675124009,1.2813957472826258,1.2049843605666537,9.0,2.0,2.0,6.0,0.0,1.9850272232304904,1.20944274698094,1.9850272232304904,1.6984606048075233,9.541127873563218
162,1.4076870488330553,1.3957811639216071,1.2760290675124009,1.2813957472826258,1.2049843605666537,9.0,2.0,2.0,6.0,0.0,2.826779273587724,1.7510775862068972,2.126814882032668,2.5461952568019792,9.316630747126435
163,1.4076870488330553,1.3957811639216071,1.2760290675124009,1.2813957472826258,1.2049843605666537,9.0,2.0,2.0,6.0,0.0,2.5521778584392023,1.212284482758621,1.4148852872031674,3.393929908796435,8.081896551724137
164,1.4076870488330553,1.3957811639216071,1.2760290675124009,1.2813957472826258,1.2049843605666537,9.0,2.0,2.0,6.0,0.0,2.69396551724138,1.6163793103448278,3.2551335508128685,3.261116152450092,8.418642241379311
165,1.3074612564632158,1.0600934985958224,1.2532191805780024,1.3723672409848129,1.2243723366654726,2.0,0.0,0.0,1.0,2.0,2.6939655172413794,0.9428879310344828,2.977540834845736,2.5521778584392023,9.428879310344826
166,1.3074612564632158,1.0600934985958224,1.2532191805780024,1.3723672409848129,1.2243723366654726,2.0,0.0,0.0,1.0,2.0,2.835753176043557,0.6734913793103449,2.69396551724138,1.9850272232304904,9.653376436781608
167,1.3074612564632158,1.0600934985958224,1.2532191805780024,1.3723672409848129,1.2243723366654726,2.0,0.0,0.0,1.0,2.0,3.6804965272194026,1.077586206896552,2.4103901996370243,2.69396551724138,9.541127873563218
168,1.3074612564632158,1.0600934985958224,1.2532191805780024,1.3723672409848129,1.2243723366654726,2.0,0.0,0.0,1.0,2.0,3.119328493647914,1.34698275862069,2.126814882032668,3.399912510433657,9.765624999999998
169,1.3074612564632158,1.0600934985958224,1.2532191805780024,1.3723672409848129,1.2243723366654726,2.0,0.0,0.0,1.0,2.0,3.399912510433658,1.2122844827586208,1.9850272232304904,3.261116152450091,9.428879310344824
170,1.294065407821673,1.4305669537849888,1.4044855233469735,1.2555750086535724,1.169772452490169,0.0,3.0,1.0,0.0,0.0,4.953594155620392,1.481681034482759,1.8432395644283124,3.261116152450092,9.428879310344826
171,1.294065407821673,1.4305669537849888,1.4044855233469735,1.2555750086535724,1.169772452490169,0.0,3.0,1.0,0.0,0.0,4.956585456439004,2.0147906663756734,2.2686025408348462,3.261116152450092,9.204382183908043
172,1.294065407821673,1.4305669537849888,1.4044855233469735,1.2555750086535724,1.169772452490169,0.0,3.0,1.0,0.0,0.0,3.825275486840192,1.481681034482759,1.1283186687802005,3.1163371928293024,9.756152547407728
173,1.294065407821673,1.4305669537849888,1.4044855233469735,1.2555750086535724,1.169772452490169,0.0,3.0,1.0,0.0,0.0,3.828266787658803,2.287028953877492,0.9925136116152452,3.261116152450091,9.075556828653182
174,1.294065407821673,1.4305669537849888,1.4044855233469735,1.2555750086535724,1.169772452490169,0.0,3.0,1.0,0.0,0.0,3.6864791288566248,2.960520333187837,1.2760889292196012,2.126814882032668,9.077924941801248
175,1.2464808752687389,1.2637642070995654,1.3563858695034532,1.357449480002332,1.3077372205337994,0.0,1.0,0.0,3.0,10.0,3.970054446460981,2.825822057325768,0.8507259528130673,0.8507259528130673,9.863664884329983
176,1.2464808752687389,1.2637642070995654,1.3563858695034532,1.357449480002332,1.3077372205337994,0.0,1.0,0.0,3.0,10.0,3.119328493647914,3.232758620689656,0.5671506352087115,1.4178765880217787,10.87863817959164
177,1.2464808752687389,1.2637642070995654,1.3563858695034532,1.357449480002332,1.3077372205337994,0.0,1.0,0.0,3.0,10.0,1.7014519056261346,3.90340826422232,1.2730976284009896,1.2730976284009894,10.993254855958094
178,1.2464808752687389,1.2637642070995654,1.3563858695034532,1.357449480002332,1.3077372205337994,0.0,1.0,0.0,3.0,10.0,1.1313099695988118,2.9605203331878367,1.6954693039889115,1.1283186687802005,9.987754013288711
179,1.2464808752687389,1.2637642070995654,1.3563858695034532,1.357449480002332,1.3077372205337994,0.0,1.0,0.0,3.0,10.0,1.6954693039889122,1.8829341262912849,1.9850272232304904,0.7059469931922779,10.548996829380666
180,1.1944427142523577,1.2139986446850566,1.339777613160002,1.0713437368428376,1.138058373222384,1.0,4.0,0.0,0.0,4.0,1.9790446215932675,2.017632402153354,1.7014519056261346,0.8477346519944559,10.322131589795818
181,1.1944427142523577,1.2139986446850566,1.339777613160002,1.0713437368428376,1.138058373222384,1.0,4.0,0.0,0.0,4.0,1.276088929219601,2.155172413793104,1.2760889292196012,0.2835753176043557,9.873137336922252
182,1.1944427142523577,1.2139986446850566,1.339777613160002,1.0713437368428376,1.138058373222384,1.0,4.0,0.0,0.0,4.0,1.5596642468239563,2.0204741379310347,1.4178765880217787,0.8507259528130673,9.31426263397837
183,1.1944427142523577,1.2139986446850566,1.339777613160002,1.0713437368428376,1.138058373222384,1.0,4.0,0.0,0.0,4.0,1.8402482636097008,1.7510775862068968,1.5596642468239568,0.8477346519944559,8.860532154808672
184,1.1944427142523577,1.2139986446850566,1.339777613160002,1.0713437368428376,1.138058373222384,1.0,4.0,0.0,0.0,4.0,1.7014519056261346,1.8829341262912849,1.9790446215932675,1.4148852872031674,8.189408888646394
185,1.4902495260946391,1.3911984937774613,1.5,1.29424224660249,1.5,5.0,0.0,0.0,4.0,6.0,0.8507259528130673,1.8829341262912849,1.8432395644283128,1.6984606048075233,8.304025565012852
186,1.4902495260946391,1.3911984937774613,1.5,1.29424224660249,1.5,5.0,0.0,0.0,4.0,6.0,1.8372569627910893,1.8857758620689653,1.9850272232304904,2.4073988988184127,7.745150862068964
187,1.4902495260946391,1.3911984937774613,1.5,1.29424224660249,1.5,5.0,0.0,0.0,4.0,6.0,2.835753176043558,1.34698275862069,1.9850272232304904,1.9820359224118789,7.515917509336048
188,1.4902495260946391,1.3911984937774613,1.5,1.29424224660249,1.5,5.0,0.0,0.0,4.0,6.0,3.6804965272194026,1.6163793103448278,2.1238235812140567,1.553681645186734,7.962543649061544
189,1.4902495260946391,1.3911984937774613,1.5,1.29424224660249,1.5,5.0,0.0,0.0,4.0,6.0,3.9670631456423697,2.553583769823949,1.982035922411879,2.259628638379012,7.735678409476694
190,1.4846891961571271,1.5,1.4334625074401648,1.498238262078488,1.275327313924606,6.0,0.0,0.0,0.0,18.0,2.2686025408348467,3.76586825258257,0.9925136116152452,2.265611240016235,7.291420382899266
191,1.4846891961571271,1.5,1.4334625074401648,1.498238262078488,1.275327313924606,6.0,0.0,0.0,0.0,18.0,2.9715582332085133,3.90340826422232,0.9865310099780225,2.126814882032668,9.1854372787235
192,1.4846891961571271,1.5,1.4334625074401648,1.498238262078488,1.275327313924606,6.0,0.0,0.0,0.0,18.0,3.6804965272194026,2.957678597410156,1.411893986384556,1.5566729460053452,10.202778687133222
193,1.4846891961571271,1.5,1.4334625074401648,1.498238262078488,1.275327313924606,6.0,0.0,0.0,0.0,18.0,4.247647162428114,2.957678597410156,2.3954336955439675,0.7059469931922779,10.986150516513892
194,1.4846891961571271,1.5,1.4334625074401648,1.498238262078488,1.275327313924606,6.0,0.0,0.0,0.0,18.0,3.6864791288566248,3.90340826422232,2.5521778584392023,1.2701063275823783,11.77189045904263
195,1.0074754840949274,1.2316632467016857,1.0875750286286323,1.071347477432706,0.9665325443227558,0.0,0.0,0.0,0.0,5.0,2.5521778584392023,4.04094827586207,2.2686025408348462,2.265611240016235,12.22325282506426
196,1.0074754840949274,1.2316632467016857,1.0875750286286323,1.071347477432706,0.9665325443227558,0.0,0.0,0.0,0.0,5.0,2.123823581214057,3.0980603448275867,2.265611240016235,1.5566729460053454,11.559233898346184
197,1.0074754840949274,1.2316632467016857,1.0875750286286323,1.071347477432706,0.9665325443227558,0.0,0.0,0.0,0.0,5.0,1.9850272232304904,2.424568965517242,2.404407597999801,1.5566729460053454,12.793968093748482
198,1.0074754840949274,1.2316632467016857,1.0875750286286323,1.071347477432706,0.9665325443227558,0.0,0.0,0.0,0.0,5.0,2.410390199637024,2.421727229739561,3.1133458920106905,1.7014519056261348,11.895979588001357
199,1.0074754840949274,1.2316632467016857,1.0875750286286323,1.071347477432706,0.9665325443227558,0.0,0.0,0.0,0.0,5.0,1.7014519056261346,1.7510775862068968,1.5596642468239568,1.417876588021779,12.793968093748482
200,1.0357116307362495,1.1171667109635737,0.934767966245305,1.229096715007472,0.9493857976807922,0.0,2.0,0.0,4.0,0.0,2.1238235812140567,1.8857758620689653,1.276088929219601,1.6984606048075233,12.230357164508463
201,1.0357116307362495,1.1171667109635737,0.934767966245305,1.229096715007472,0.9493857976807922,0.0,2.0,0.0,4.0,0.0,1.8432395644283124,1.20944274698094,1.553681645186734,1.8402482636097008,11.895979588001357
202,1.0357116307362495,1.1171667109635737,0.934767966245305,1.229096715007472,0.9493857976807922,0.0,2.0,0.0,4.0,0.0,1.5596642468239568,1.344141022843009,1.2730976284009896,2.126814882032668,11.330000545613268
203,1.0357116307362495,1.1171667109635737,0.934767966245305,1.229096715007472,0.9493857976807922,0.0,2.0,0.0,4.0,0.0,0.992513611615245,2.152330678015423,0.8507259528130673,1.982035922411879,10.768757729521315
204,1.0357116307362495,1.1171667109635737,0.934767966245305,1.229096715007472,0.9493857976807922,0.0,2.0,0.0,4.0,0.0,0.992513611615245,2.0204741379310347,0.5671506352087115,1.8372569627910893,9.87550545007032
205,1.3953804064865505,1.331892074203945,1.4574118631107438,1.291847970632719,1.3250348286930231,1.0,0.0,3.0,0.0,0.0,0.9895223107966338,1.34698275862069,0.5641593343901,1.8432395644283124,9.428879310344824
206,1.3953804064865505,1.331892074203945,1.4574118631107438,1.291847970632719,1.3250348286930231,1.0,0.0,3.0,0.0,0.0,1.1313099695988118,0.5387931034482759,1.2730976284009896,1.4178765880217787,9.428879310344826
207,1.3953804064865505,1.331892074203945,1.4574118631107438,1.291847970632719,1.3250348286930231,1.0,0.0,3.0,0.0,0.0,2.259628638379012,1.20944274698094,0.9895223107966338,1.7014519056261348,8.979885057471265
208,1.3953804064865505,1.331892074203945,1.4574118631107438,1.291847970632719,1.3250348286930231,1.0,0.0,3.0,0.0,0.0,2.5491865576205903,1.077586206896552,0.8507259528130673,1.276088929219601,8.636035028371891
209,1.3953804064865505,1.331892074203945,1.4574118631107438,1.291847970632719,1.3250348286930231,1.0,0.0,3.0,0.0,0.0,2.5521778584392023,1.6106958387894663,0.5671506352087115,1.276088929219601,8.86290026795674
210,1.2882665835441447,1.3312910367091824,1.254847167103461,1.3983876181987094,1.3587510931217746,0.0,8.0,4.0,0.0,0.0,2.6909742164227684,1.34698275862069,0.5671506352087115,0.7089382940108893,8.972780718027062
211,1.2882665835441447,1.3312910367091824,1.254847167103461,1.3983876181987094,1.3587510931217746,0.0,8.0,4.0,0.0,0.0,2.5491865576205903,1.882934126291285,1.4178765880217787,0.7089382940108893,8.413906015083175
212,1.2882665835441447,1.3312910367091824,1.254847167103461,1.3983876181987094,1.3587510931217746,0.0,8.0,4.0,0.0,0.0,2.126814882032668,3.098060344827587,2.404407597999801,1.6984606048075228,8.977516944323195
213,1.2882665835441447,1.3312910367091824,1.254847167103461,1.3983876181987094,1.3587510931217746,0.0,8.0,4.0,0.0,0.0,1.4178765880217787,3.771551724137933,3.541700169235836,1.5596642468239563,7.967279875357679
214,1.2882665835441447,1.3312910367091824,1.254847167103461,1.3983876181987094,1.3587510931217746,0.0,8.0,4.0,0.0,0.0,1.7014519056261348,3.5021551724137936,3.683487828038014,0.8507259528130673,7.293788496047333
215,1.4888081118120071,1.4479276535115455,1.3924363774104953,1.434000731807184,1.3866854314203962,0.0,2.0,8.0,0.0,0.0,1.8432395644283124,3.5021551724137936,4.956585456439004,0.8507259528130673,7.5182856224841155
216,1.4888081118120071,1.4479276535115455,1.3924363774104953,1.434000731807184,1.3866854314203962,0.0,2.0,8.0,0.0,0.0,1.98502722323049,4.038106540084389,7.22817929809246,0.5671506352087115,7.293788496047334
217,1.4888081118120071,1.4479276535115455,1.3924363774104953,1.434000731807184,1.3866854314203962,0.0,2.0,8.0,0.0,0.0,1.1283186687802005,4.843454459479122,5.955081669691471,0.992513611615245,7.623429846258304
218,1.4888081118120071,1.4479276535115455,1.3924363774104953,1.434000731807184,1.3866854314203962,0.0,2.0,8.0,0.0,0.0,1.1283186687802005,5.789184126291286,6.380444646098006,1.2730976284009894,8.296921225568648
219,1.4888081118120071,1.4479276535115455,1.3924363774104953,1.434000731807184,1.3866854314203962,0.0,2.0,8.0,0.0,0.0,0.9925136116152452,4.714439655172416,7.653542274498995,1.5566729460053452,7.740414635772832
220,1.5,1.5,1.357331385193171,1.3407179981931936,1.400362597124308,0.0,0.0,0.0,0.0,2.0,1.2760889292196012,4.310344827586208,7.369966956894639,1.559664246823957,7.96727987535768
221,1.5,1.5,1.357331385193171,1.3407179981931936,1.400362597124308,0.0,0.0,0.0,0.0,2.0,0.8477346519944559,4.445043103448277,6.380444646098005,1.2760889292196012,8.079528438576071
222,1.5,1.5,1.357331385193171,1.3407179981931936,1.400362597124308,0.0,0.0,0.0,0.0,2.0,0.5671506352087115,5.11285101120326,5.246143375680582,1.417876588021779,8.191777001794462
223,1.5,1.5,1.357331385193171,1.3407179981931936,1.400362597124308,0.0,0.0,0.0,0.0,2.0,1.1343012704174231,4.849137931034484,4.250638463246725,0.9895223107966338,8.194145114942527
224,1.5,1.5,1.357331385193171,1.3407179981931936,1.400362597124308,0.0,0.0,0.0,0.0,2.0,1.2730976284009894,4.03810654008439,4.108850804444547,1.1313099695988118,9.426511197196758
225,1.3316911436319478,1.3300404207513294,1.315002678711553,1.4759279445444564,1.2182845008303715,1.0,0.0,0.0,3.0,0.0,1.1313099695988116,3.906250000000001,4.531222480032469,1.4178765880217787,9.314262633978368
226,1.3316911436319478,1.3300404207513294,1.315002678711553,1.4759279445444564,1.2182845008303715,1.0,0.0,0.0,3.0,0.0,0.7089382940108893,3.232758620689656,3.1193284936479126,2.268602540834846,9.202014070759978
227,1.3316911436319478,1.3300404207513294,1.315002678711553,1.4759279445444564,1.2182845008303715,1.0,0.0,0.0,3.0,0.0,0.8507259528130673,3.636853448275863,1.5596642468239563,2.126814882032668,9.875505450070325
228,1.3316911436319478,1.3300404207513294,1.315002678711553,1.4759279445444564,1.2182845008303715,1.0,0.0,0.0,3.0,0.0,1.417876588021779,1.8857758620689653,1.9850272232304904,2.2686025408348462,10.773493955817449
229,1.3316911436319478,1.3300404207513294,1.315002678711553,1.4759279445444564,1.2182845008303715,1.0,0.0,0.0,3.0,0.0,1.559664246823957,0.9428879310344828,1.982035922411879,2.2686025408348462,10.77349395581745
230,1.0713268707154815,1.0421720698437913,1.131158402211904,1.0812169661882165,1.5,0.0,8.0,3.0,0.0,3.0,1.417876588021779,0.9428879310344828,1.5596642468239568,2.690974216422769,10.99799108225423
231,1.0713268707154815,1.0421720698437913,1.131158402211904,1.0812169661882165,1.5,0.0,8.0,3.0,0.0,3.0,1.1343012704174231,1.7510775862068968,1.134301270417423,2.126814882032668,11.222488208691011
232,1.0713268707154815,1.0421720698437913,1.131158402211904,1.0812169661882165,1.5,0.0,8.0,3.0,0.0,3.0,1.417876588021779,1.077586206896552,1.276088929219601,1.276088929219601,10.775862068965516
233,1.0713268707154815,1.0421720698437913,1.131158402211904,1.0812169661882165,1.5,0.0,8.0,3.0,0.0,3.0,1.6984606048075233,1.7510775862068968,1.98502722323049,0.7089382940108893,10.888110632183908
234,1.0713268707154815,1.0421720698437913,1.131158402211904,1.0812169661882165,1.5,0.0,8.0,3.0,0.0,3.0,1.6954693039889122,1.2122844827586208,1.7014519056261346,1.9850272232304904,9.987754013288711
235,1.4294030997310474,1.2861110502141126,1.2671443595115166,1.2148054533981574,1.4038594949483267,0.0,3.0,0.0,1.0,2.0,0.9925136116152452,1.616379310344828,0.8477346519944559,1.982035922411879,9.31426263397837
236,1.4294030997310474,1.2861110502141126,1.2671443595115166,1.2148054533981574,1.4038594949483267,0.0,3.0,0.0,1.0,2.0,0.8507259528130673,2.289870689655173,0.7089382940108893,2.126814882032668,9.311894520830302
237,1.4294030997310474,1.2861110502141126,1.2671443595115166,1.2148054533981574,1.4038594949483267,0.0,3.0,0.0,1.0,2.0,0.8507259528130673,2.55642550560163,1.2760889292196012,1.7014519056261346,9.873137336922255
238,1.4294030997310474,1.2861110502141126,1.2671443595115166,1.2148054533981574,1.4038594949483267,0.0,3.0,0.0,1.0,2.0,0.9925136116152452,3.2270751491342944,1.5566729460053454,1.5596642468239563,10.993254855958092
239,1.4294030997310474,1.2861110502141126,1.2671443595115166,1.2148054533981574,1.4038594949483267,0.0,3.0,0.0,1.0,2.0,1.4148852872031676,3.90340826422232,1.1343012704174231,1.9850272232304904,10.432012039866136
240,0.9475622871784466,1.0047976142001305,1.248499419893144,1.056308229954969,1.1701339288562669,0.0,1.0,3.0,1.0,0.0,1.553681645186734,4.439359631892915,0.8507259528130673,2.5521778584392023,10.881006292739704
241,0.9475622871784466,1.0047976142001305,1.248499419893144,1.056308229954969,1.1701339288562669,0.0,1.0,3.0,1.0,0.0,1.5566729460053452,3.631169976720501,1.553681645186734,2.829770574406336,9.089765507541586
242,0.9475622871784466,1.0047976142001305,1.248499419893144,1.056308229954969,1.1701339288562669,0.0,1.0,3.0,1.0,0.0,1.5566729460053452,3.631169976720501,2.684991614785546,3.252142249994258,10.100002576507103
243,0.9475622871784466,1.0047976142001305,1.248499419893144,1.056308229954969,1.1701339288562669,0.0,1.0,3.0,1.0,0.0,1.83725696279109,4.436517896115236,2.826779273587724,3.82228418602158,10.324499702943884
244,0.9475622871784466,1.0047976142001305,1.248499419893144,1.056308229954969,1.1701339288562669,0.0,1.0,3.0,1.0,0.0,1.6984606048075233,4.17564655172414,1.7014519056261346,3.6864791288566257,10.324499702943884
245,1.1386160906276068,1.249496715215442,1.282108554073497,1.2482348993567756,1.0881929115319964,0.0,0.0,0.0,0.0,1.0,1.7014519056261346,5.118534482758622,1.7014519056261346,4.250638463246726,10.995622969106163
246,1.1386160906276068,1.249496715215442,1.282108554073497,1.2482348993567756,1.0881929115319964,0.0,0.0,0.0,0.0,1.0,2.687982915604157,3.636853448275863,2.4044075979998016,2.835753176043557,10.993254855958094
247,1.1386160906276068,1.249496715215442,1.282108554073497,1.2482348993567756,1.0881929115319964,0.0,0.0,0.0,0.0,1.0,2.4073988988184127,2.69396551724138,1.8402482636097008,2.2656112400162347,13.455618907318488
248,1.1386160906276068,1.249496715215442,1.282108554073497,1.2482348993567756,1.0881929115319964,0.0,0.0,0.0,0.0,1.0,2.5521778584392023,2.155172413793104,1.9850272232304904,1.5596642468239568,13.235858007177846
249,1.1386160906276068,1.249496715215442,1.282108554073497,1.2482348993567756,1.0881929115319964,0.0,0.0,0.0,0.0,1.0,1.8432395644283124,2.424568965517242,1.8402482636097008,1.7014519056261346,13.238226120325914
250,0.9499269445613594,0.9389112464928068,1.014449766334453,0.795948683475426,0.7772591223794254,1.0,0.0,6.0,2.0,2.0,1.417876588021779,2.152330678015423,1.4178765880217787,1.4178765880217783,13.689588486347544
251,0.9499269445613594,0.9389112464928068,1.014449766334453,0.795948683475426,0.7772591223794254,1.0,0.0,6.0,2.0,2.0,1.4178765880217787,1.34698275862069,2.5521778584392023,0.8507259528130673,13.799468936417869
252,0.9499269445613594,0.9389112464928068,1.014449766334453,0.795948683475426,0.7772591223794254,1.0,0.0,6.0,2.0,2.0,1.7014519056261346,1.8857758620689653,2.5521778584392023,1.7014519056261346,13.3504746835443
253,0.9499269445613594,0.9389112464928068,1.014449766334453,0.795948683475426,0.7772591223794254,1.0,0.0,6.0,2.0,2.0,0.8507259528130673,2.1494889422377423,1.6984606048075233,1.2730976284009894,12.908584770114942
254,0.9499269445613594,0.9389112464928068,1.014449766334453,0.795948683475426,0.7772591223794254,1.0,0.0,6.0,2.0,2.0,1.270106327582378,1.6135375745671472,1.1343012704174231,1.8432395644283124,12.681719530530094
255,1.0861402139278642,0.8992126854989158,0.9602097454458736,0.8576343042506026,0.8618557386392927,0.0,1.0,1.0,1.0,1.0,1.5566729460053454,1.212284482758621,0.9925136116152452,1.5566729460053452,12.906216656966876
256,1.0861402139278642,0.8992126854989158,0.9602097454458736,0.8576343042506026,0.8618557386392927,0.0,1.0,1.0,1.0,1.0,1.553681645186734,1.4816810344827591,0.8507259528130673,1.5596642468239563,12.679351417382028
257,1.0861402139278642,0.8992126854989158,0.9602097454458736,0.8576343042506026,0.8618557386392927,0.0,1.0,1.0,1.0,1.0,1.417876588021779,2.152330678015423,0.5671506352087115,1.4178765880217783,12.457222404093311
258,1.0861402139278642,0.8992126854989158,0.9602097454458736,0.8576343042506026,0.8618557386392927,0.0,1.0,1.0,1.0,1.0,1.6984606048075228,2.0204741379310347,0.7089382940108893,1.2760889292196012,12.34497384087492
259,1.0861402139278642,0.8992126854989158,0.9602097454458736,0.8576343042506026,0.8618557386392927,0.0,1.0,1.0,1.0,1.0,1.5596642468239568,1.34698275862069,1.1343012704174231,1.1313099695988118,12.569470967311709
260,0.9706421219275164,0.8759170667961356,0.9584983949508514,1.0319109401551831,1.044540161973214,2.0,1.0,0.0,4.0,9.0,1.979044621593267,0.9428879310344828,0.8507259528130673,1.5566729460053452,12.903848543818803
261,0.9706421219275164,0.8759170667961356,0.9584983949508514,1.0319109401551831,1.044540161973214,2.0,1.0,0.0,4.0,9.0,1.9820359224118789,1.34698275862069,0.8507259528130673,2.40141629718119,13.565499357388818
262,0.9706421219275164,0.8759170667961356,0.9584983949508514,1.0319109401551831,1.044540161973214,2.0,1.0,0.0,4.0,9.0,1.1343012704174231,1.882934126291285,0.2805840167857443,1.982035922411879,14.914850229157569
263,0.9706421219275164,0.8759170667961356,0.9584983949508514,1.0319109401551831,1.044540161973214,2.0,1.0,0.0,4.0,9.0,1.553681645186734,2.685440309908337,0.4223716755879222,2.126814882032668,16.369345324700515
264,0.9706421219275164,0.8759170667961356,0.9584983949508514,1.0319109401551831,1.044540161973214,2.0,1.0,0.0,4.0,9.0,2.262619939197624,2.4188854939618807,0.983539709159411,1.2760889292196012,17.611183859547015
265,0.6429668216055444,0.5,0.5,0.5,0.5,4.0,1.0,0.0,0.0,6.0,2.9715582332085133,2.284187218099812,0.983539709159411,1.4148852872031676,18.95343039187157
266,0.6429668216055444,0.5,0.5,0.5,0.5,4.0,1.0,0.0,0.0,6.0,3.119328493647914,2.69396551724138,1.134301270417423,1.4178765880217787,18.95816661816772
267,0.6429668216055444,0.5,0.5,0.5,0.5,4.0,1.0,0.0,0.0,6.0,2.9745495340271244,4.172804815946458,1.2730976284009896,1.5566729460053452,19.29491230782288
268,0.6429668216055444,0.5,0.5,0.5,0.5,4.0,1.0,0.0,0.0,6.0,2.2656112400162347,3.76586825258257,0.9925136116152452,1.4178765880217787,19.634026110626127
269,0.6429668216055444,0.5,0.5,0.5,0.5,4.0,1.0,0.0,0.0,6.0,1.8402482636097008,4.03810654008439,1.2730976284009896,1.276088929219601,20.87112841917649
270,0.5,0.5233643133958289,0.5,0.5,0.5020297009180634,4.0,0.0,1.0,4.0,2.0,1.8402482636097008,3.634011712498181,1.4148852872031676,1.134301270417423,22.21811117779718
271,0.5,0.5233643133958289,0.5,0.5,0.5020297009180634,4.0,0.0,1.0,4.0,2.0,1.6984606048075233,3.232758620689656,1.1343012704174231,1.8402482636097013,22.444976417382023
272,0.5,0.5233643133958289,0.5,0.5,0.5020297009180634,4.0,0.0,1.0,4.0,2.0,1.9850272232304904,4.172804815946458,2.123823581214057,1.7014519056261346,22.7817221070372
273,0.5,0.5233643133958289,0.5,0.5,0.5020297009180634,4.0,0.0,1.0,4.0,2.0,2.2686025408348462,3.6340117124981823,2.4103901996370243,1.4178765880217787,23.11846779669237
274,0.5,0.5233643133958289,0.5,0.5,0.5020297009180634,4.0,0.0,1.0,4.0,2.0,3.119328493647914,2.9605203331878367,2.69396551724138,1.4178765880217783,23.787222949706585
275,0.5,0.6978912020548986,0.5,0.5,0.5,0.0,0.0,0.0,3.0,1.0,2.69396551724138,2.8286637931034493,2.69396551724138,2.126814882032668,23.34296492312916
276,0.5,0.6978912020548986,0.5,0.5,0.5,0.0,0.0,0.0,3.0,1.0,1.7014519056261348,3.0980603448275867,1.9850272232304904,2.835753176043557,23.906575852369176
277,0.5,0.6978912020548986,0.5,0.5,0.5,0.0,0.0,0.0,3.0,1.0,1.553681645186734,2.828663793103449,1.4178765880217787,2.5521778584392023,24.245689655172416
278,0.5,0.6978912020548986,0.5,0.5,0.5,0.0,0.0,0.0,3.0,1.0,1.7014519056261348,3.7658682525825697,2.2686025408348462,2.126814882032668,23.906575852369183
279,0.5,0.6978912020548986,0.5,0.5,0.5,0.0,0.0,0.0,3.0,1.0,1.559664246823957,4.164279608613415,2.126814882032668,2.2686025408348462,23.68207872593239
280,0.5,0.5,0.5,0.5,0.5,2.0,0.0,0.0,0.0,5.0,1.559664246823957,4.040948275862069,2.262619939197623,1.701451905626134,24.355570105242744
281,0.5,0.5,0.5,0.5,0.5,2.0,0.0,0.0,0.0,5.0,1.8432395644283128,4.169963080168777,2.126814882032668,1.5596642468239563,24.24332154202435
282,0.5,0.5,0.5,0.5,0.5,2.0,0.0,0.0,0.0,5.0,2.265611240016235,3.3646151607740435,1.553681645186734,1.2760889292196007,24.580067231679525
283,0.5,0.5,0.5,0.5,0.5,2.0,0.0,0.0,0.0,5.0,2.1238235812140567,2.957678597410156,1.417876588021779,0.9925136116152452,24.577699118531456
284,0.5,0.5,0.5,0.5,0.5,2.0,0.0,0.0,0.0,5.0,2.2656112400162347,2.9633620689655182,1.2730976284009896,0.9925136116152452,24.016456302439497
285,0.5492447805300977,0.574899142015791,0.5,0.5,0.5,2.0,0.0,0.0,4.0,0.0,1.8432395644283124,3.0980603448275867,0.4253629764065336,0.9925136116152452,24.126336752509825
286,0.5492447805300977,0.574899142015791,0.5,0.5,0.5,2.0,0.0,0.0,4.0,0.0,1.6984606048075233,2.6939655172413794,0.9925136116152452,1.8432395644283124,23.794327289150782
287,0.5492447805300977,0.574899142015791,0.5,0.5,0.5,2.0,0.0,0.0,4.0,0.0,2.5521778584392023,2.9605203331878363,1.5566729460053452,2.1208322803954456,23.567462049565936
288,0.5492447805300977,0.574899142015791,0.5,0.5,0.5,2.0,0.0,0.0,4.0,0.0,2.687982915604157,2.9633620689655173,1.982035922411879,1.8402482636097008,23.45284537319948
289,0.5492447805300977,0.574899142015791,0.5,0.5,0.5,2.0,0.0,0.0,4.0,0.0,2.5491865576205903,3.5021551724137936,2.4103901996370247,2.126814882032668,23.34296492312916
290,0.5153736133424875,0.5,0.5,0.5373449816367286,0.5,4.0,3.0,6.0,2.0,0.0,2.2686025408348462,3.906250000000001,3.1163371928293024,2.835753176043558,23.67260627334013
291,0.5153736133424875,0.5,0.5,0.5373449816367286,0.5,4.0,3.0,6.0,2.0,0.0,2.6909742164227684,4.172804815946458,3.683487828038014,2.977540834845736,24.011720076143376
292,0.5153736133424875,0.5,0.5,0.5373449816367286,0.5,4.0,3.0,6.0,2.0,0.0,2.2656112400162347,4.983836206896553,4.53122248003247,2.9745495340271244,24.123968639361767
293,0.5153736133424875,0.5,0.5,0.5373449816367286,0.5,4.0,3.0,6.0,2.0,0.0,2.6909742164227684,4.310344827586208,4.253629764065336,3.399912510433657,24.35557010524273
294,0.5153736133424875,0.5,0.5,0.5373449816367286,0.5,4.0,3.0,6.0,2.0,0.0,2.5521778584392023,4.849137931034484,5.801328807614848,3.683487828038013,23.904207739221107
295,0.6193872814668276,0.5352914698988653,0.5502986172818904,0.5355279731349076,0.5053347957125498,0.0,0.0,7.0,0.0,0.0,2.126814882032668,4.843454459479122,4.8147977976368255,4.105859503625936,23.684446839080465
296,0.6193872814668276,0.5352914698988653,0.5502986172818904,0.5355279731349076,0.5053347957125498,0.0,0.0,7.0,0.0,0.0,2.126814882032668,4.714439655172415,5.94909906805425,3.535717567598613,24.245689655172416
297,0.6193872814668276,0.5352914698988653,0.5502986172818904,0.5355279731349076,0.5053347957125498,0.0,0.0,7.0,0.0,0.0,2.835753176043557,3.229916884911975,6.66102866288375,3.532726266780001,25.92231376400408
298,0.6193872814668276,0.5352914698988653,0.5502986172818904,0.5355279731349076,0.5053347957125498,0.0,0.0,7.0,0.0,0.0,2.69396551724138,2.9633620689655173,5.246143375680582,3.25812485163148,26.923078380377323
299,0.6193872814668276,0.5352914698988653,0.5502986172818904,0.5355279731349076,0.5053347957125498,0.0,0.0,7.0,0.0,0.0,3.541700169235836,3.5021551724137936,5.387931034482759,3.5446914700544467,27.030590717299585
300,0.5475203037217404,0.5,0.6947562551364607,0.5368512833565444,0.6107034554205305,2.0,5.0,2.0,1.0,1.0,4.253629764065336,2.963362068965518,5.384939733664147,3.970054446460981,27.372072633250884
301,0.5475203037217404,0.5,0.6947562551364607,0.5368512833565444,0.6107034554205305,2.0,5.0,2.0,1.0,1.0,4.250638463246725,3.62832824094282,5.529718693284938,4.817789098455437,26.58396457757409
302,0.5475203037217404,0.5,0.6947562551364607,0.5368512833565444,0.6107034554205305,2.0,5.0,2.0,1.0,1.0,4.111842105263158,3.906250000000001,5.526727392466326,4.5372050816696925,26.25432322736312
303,0.5475203037217404,0.5,0.6947562551364607,0.5368512833565444,0.6107034554205305,2.0,5.0,2.0,1.0,1.0,3.970054446460981,4.445043103448277,5.810302710070682,5.101364416059792,26.47408412750377
304,0.5475203037217404,0.5,0.6947562551364607,0.5368512833565444,0.6107034554205305,2.0,5.0,2.0,1.0,1.0,4.392426122048903,3.90340826422232,5.955081669691472,4.1118421052631575,26.36420367743344
305,0.5119965664946474,0.5804492423330014,0.5,0.5852706924458837,0.5,0.0,0.0,3.0,2.0,1.0,4.817789098455437,4.442201367670596,7.225187997273847,4.67899274047187,26.027457987778263
306,0.5119965664946474,0.5804492423330014,0.5,0.5852706924458837,0.5,0.0,0.0,3.0,2.0,1.0,4.673010138834647,3.636853448275863,7.511754615696813,4.959576757257615,26.139706550996653
307,0.5119965664946474,0.5804492423330014,0.5,0.5852706924458837,0.5,0.0,0.0,3.0,2.0,1.0,4.5372050816696925,3.3674568965517246,7.934126291284739,4.392426122048903,25.80296086134149
308,0.5119965664946474,0.5804492423330014,0.5,0.5852706924458837,0.5,0.0,0.0,3.0,2.0,1.0,5.523736091647715,3.232758620689656,8.64904718693285,4.392426122048902,25.80296086134148
309,0.5119965664946474,0.5804492423330014,0.5,0.5852706924458837,0.5,0.0,0.0,3.0,2.0,1.0,5.24315207486197,4.3018196202531644,8.929631203718593,4.678992740471871,26.14207466414473
310,0.645321479752021,0.5,0.5,0.5,0.5558528013816845,1.0,0.0,1.0,3.0,2.0,5.526727392466326,4.301819620253165,9.352002879306516,4.678992740471871,25.80532897448956
311,0.645321479752021,0.5,0.5,0.5,0.5558528013816845,1.0,0.0,1.0,3.0,2.0,5.813294010889293,4.307503091808527,9.071418862520773,5.104355716878405,26.02982610092634
312,0.645321479752021,0.5,0.5,0.5,0.5558528013816845,1.0,0.0,1.0,3.0,2.0,5.813294010889293,4.846296195256803,8.932622504537205,5.240160774043359,26.36657179058152
313,0.645321479752021,0.5,0.5,0.5,0.5558528013816845,1.0,0.0,1.0,3.0,2.0,6.090886726856426,4.849137931034484,9.35798548094374,5.95209036887286,26.36183556428537
314,0.645321479752021,0.5,0.5,0.5,0.5558528013816845,1.0,0.0,1.0,3.0,2.0,6.944603980488104,4.849137931034483,10.347507791740371,5.955081669691471,26.471716014355703
315,0.6201546341593923,0.5,0.5,0.5,0.5913832948256201,2.0,0.0,2.0,1.0,7.0,6.799825020867314,4.714439655172415,12.042977095729285,6.096869328493649,27.25745595688443
316,0.6201546341593923,0.5,0.5,0.5,0.5913832948256201,2.0,0.0,2.0,1.0,7.0,5.95508166969147,4.307503091808526,12.616110332575216,5.8103027100706806,28.14597201003929
317,0.6201546341593923,0.5,0.5,0.5,0.5913832948256201,2.0,0.0,2.0,1.0,7.0,5.387931034482759,5.25323275862069,13.325048626586105,6.380444646098004,28.93408006571609
318,0.6201546341593923,0.5,0.5,0.5,0.5913832948256201,2.0,0.0,2.0,1.0,7.0,5.5267273924663245,5.38793103448276,14.5981462549871,5.813294010889292,29.49532288180804
319,0.6201546341593923,0.5,0.5,0.5,0.5913832948256201,2.0,0.0,2.0,1.0,7.0,5.529718693284937,6.055738942237743,15.593651167420957,5.671506352087114,30.61544040084389
320,0.5,0.5,0.5,0.5,0.5103982879718598,0.0,0.0,2.0,0.0,0.0,4.67899274047187,6.465517241379311,16.586164779036203,5.387931034482759,31.40118034337263
321,0.5,0.5,0.5,0.5,0.5103982879718598,0.0,0.0,2.0,0.0,0.0,3.970054446460981,6.462675505601631,16.724961137019772,5.671506352087115,32.07467172268297
322,0.5,0.5,0.5,0.5,0.5103982879718598,0.0,0.0,2.0,0.0,0.0,3.828266787658803,6.193278953877493,16.86974009664056,5.813294010889294,32.0794079489791
323,0.5,0.5,0.5,0.5,0.5103982879718598,0.0,0.0,2.0,0.0,0.0,3.970054446460981,5.923882402153355,17.156306715063522,5.813294010889294,32.528402201852664
324,0.5,0.5,0.5,0.5,0.5103982879718598,0.0,0.0,2.0,0.0,0.0,4.3954174228675145,5.654485850429217,17.298094373865702,5.813294010889294,33.089645017944626
325,0.5,0.5,0.5,0.5117302187422447,0.6715457885638239,2.0,1.0,0.0,0.0,2.0,4.5372050816696925,5.9267241379310365,16.44736842105263,5.813294010889293,33.31414214438141
326,0.5,0.5,0.5,0.5117302187422447,0.6715457885638239,2.0,1.0,0.0,0.0,2.0,4.820780399274048,6.193278953877493,16.447368421052634,6.096869328493649,33.53390304452205
327,0.5,0.5,0.5,0.5117302187422447,0.6715457885638239,2.0,1.0,0.0,0.0,2.0,4.817789098455436,5.792025862068966,16.447368421052634,6.232674385658604,34.09751397376207
328,0.5,0.5,0.5,0.5117302187422447,0.6715457885638239,2.0,1.0,0.0,0.0,2.0,4.676001439653258,5.522629310344829,17.15331541424491,6.238656987295826,34.65638867670596
329,0.5,0.5,0.5,0.5117302187422447,0.6715457885638239,2.0,1.0,0.0,0.0,2.0,4.817789098455436,5.657327586206897,16.73094373865699,6.380444646098004,34.87851768999467
330,0.5535807458582745,0.5,0.5842297413565306,0.5539345920108913,0.5,8.0,0.0,6.0,1.0,0.0,5.671506352087115,5.387931034482759,16.872731397459166,7.228179298092457,35.103014816431454
331,0.5535807458582745,0.5,0.5842297413565306,0.5539345920108913,0.5,8.0,0.0,6.0,1.0,0.0,6.805807622504538,5.25323275862069,18.004041367057983,7.089382940108893,35.21763149279791
332,0.5535807458582745,0.5,0.5842297413565306,0.5539345920108913,0.5,8.0,0.0,6.0,1.0,0.0,6.805807622504538,6.058580678015423,18.43239564428312,7.089382940108893,35.66188951937534
333,0.5535807458582745,0.5,0.5842297413565306,0.5539345920108913,0.5,8.0,0.0,6.0,1.0,0.0,6.66401996370236,6.5973737814636975,18.999546279491835,7.372958257713248,35.886386645812124
334,0.5535807458582745,0.5,0.5842297413565306,0.5539345920108913,0.5,8.0,0.0,6.0,1.0,0.0,6.664019963702361,6.734913793103448,18.43239564428312,6.947595281306715,35.886386645812124
335,0.5,0.5037491979857084,0.5,0.5,0.5401902781612705,7.0,3.0,0.0,5.0,3.0,6.66401996370236,6.734913793103448,18.857758620689665,7.231170598911071,35.886386645812124
336,0.5,0.5037491979857084,0.5,0.5,0.5401902781612705,7.0,3.0,0.0,5.0,3.0,7.937117592103347,7.273706896551724,18.712979661068868,7.798321234119781,36.33774901183375
337,0.5,0.5037491979857084,0.5,0.5,0.5401902781612705,7.0,3.0,0.0,5.0,3.0,8.217701608889092,8.213753091808524,18.71597096188748,8.643064585295628,36.78200703841118
338,0.5,0.5037491979857084,0.5,0.5,0.5401902781612705,7.0,3.0,0.0,5.0,3.0,9.352002879306513,8.620689655172413,19.699510671046887,8.504268227312059,36.89425560162957
339,0.5,0.5037491979857084,0.5,0.5,0.5401902781612705,7.0,3.0,0.0,5.0,3.0,9.783348457350272,9.285655827149714,19.563705613881933,8.365471869328493,37.00650416484796
340,0.5,0.5880079061617237,0.5087272778339036,0.5,0.565371320310386,5.0,6.0,2.0,2.0,1.0,10.347507791740368,9.560735850429214,19.850272232304903,9.64156079854809,37.11875272806636
341,0.5,0.5880079061617237,0.5087272778339036,0.5,0.565371320310386,5.0,6.0,2.0,2.0,1.0,11.62359672095997,11.042416884911974,20.41742286751361,10.063932474136012,37.22863317813668
342,0.5,0.5880079061617237,0.5087272778339036,0.5,0.565371320310386,5.0,6.0,2.0,2.0,1.0,12.474322673773036,11.44651171249818,21.12037855988728,10.486304149723937,37.34088174135507
343,0.5,0.5880079061617237,0.5087272778339036,0.5,0.565371320310386,5.0,6.0,2.0,2.0,1.0,11.76837568058076,11.581209988360246,20.984573502722327,10.066923774954626,37.45076219142539
344,0.5,0.5880079061617237,0.5087272778339036,0.5,0.565371320310386,5.0,6.0,2.0,2.0,1.0,12.33552631578947,12.52409791939473,21.690520495914605,10.631083109344727,37.45076219142539
345,0.5732203306231954,0.5,0.5,0.6539593813788195,0.5,3.0,1.0,6.0,0.0,0.0,13.325048626586106,13.197589298705076,22.112892171502523,10.489295450542553,37.45076219142539
346,0.5732203306231954,0.5,0.5,0.6539593813788195,0.5,3.0,1.0,6.0,0.0,0.0,13.60862394419046,13.332287574567149,23.105405783117767,10.489295450542553,37.45076219142539
347,0.5732203306231954,0.5,0.5,0.6539593813788195,0.5,3.0,1.0,6.0,0.0,0.0,13.041473308981749,13.33512931034483,22.68303410752985,11.059437386569874,37.672891204714105
348,0.5732203306231954,0.5,0.5,0.6539593813788195,0.5,3.0,1.0,6.0,0.0,0.0,13.328039927404715,14.137635493961875,22.402450090744107,11.90418073774572,37.78277165478443
349,0.5732203306231954,0.5,0.5,0.6539593813788195,0.5,3.0,1.0,6.0,0.0,0.0,13.880234058520372,14.00577895387749,22.544237749546284,11.91016333938294,37.7851397679325
350,0.5,0.5,0.5887880272484108,0.5,0.5504931941325697,0.0,3.0,0.0,0.0,1.0,13.747420302174026,14.140477229739563,22.824821766332025,12.048959697366508,37.7851397679325
351,0.5,0.5,0.5887880272484108,0.5,0.5504931941325697,0.0,3.0,0.0,0.0,1.0,13.889207960976206,14.673586861632476,22.824821766332025,12.048959697366508,37.897388331150886
352,0.5,0.5,0.5887880272484108,0.5,0.5504931941325697,0.0,3.0,0.0,0.0,1.0,13.32803992740472,15.49030172413793,22.96960072595281,11.626588021778584,38.11951734443961
353,0.5,0.5,0.5887880272484108,0.5,0.5504931941325697,0.0,3.0,0.0,0.0,1.0,13.4698275862069,15.35560344827586,22.96960072595281,11.910163339382938,38.45389492094671
354,0.5,0.5,0.5887880272484108,0.5,0.5504931941325697,0.0,3.0,0.0,0.0,1.0,14.46234119782214,16.029094827586203,23.678539019963704,12.616110332575218,38.45389492094671
355,0.5571666024330302,0.5860599176795621,0.513553207415001,0.6358128449388245,0.5,0.0,4.0,3.0,2.0,0.0,14.884712873410068,16.029094827586206,23.678539019963704,12.477313974591654,38.5661434841651
356,0.5571666024330302,0.5860599176795621,0.513553207415001,0.6358128449388245,0.5,0.0,4.0,3.0,2.0,0.0,14.88770417422868,16.562204459479123,24.10390199637024,12.61910163339383,38.5661434841651
357,0.5571666024330302,0.5860599176795621,0.513553207415001,0.6358128449388245,0.5,0.0,4.0,3.0,2.0,0.0,14.88770417422868,16.567887931034484,24.66806133076033,12.754906690558784,38.78827249745381
358,0.5571666024330302,0.5860599176795621,0.513553207415001,0.6358128449388245,0.5,0.0,4.0,3.0,2.0,0.0,14.884712873410066,18.046727229739563,24.52627367195816,12.902676950998185,39.12028196081285
359,0.5571666024330302,0.5860599176795621,0.513553207415001,0.6358128449388245,0.5,0.0,4.0,3.0,2.0,0.0,14.745916515426496,18.318965517241388,24.52926497277677,12.902676950998185,39.23253052403124
